Wk,Day,Date,Time,Home,Score,Away,Attendance,Venue,Referee,Match Report,Notes
1,Fri,8/19/2016,20:45 (18:45),Málaga,1@1,Osasuna,"22,347",Estadio La Rosaleda,Santiago Jaime,Match Report,
1,Fri,8/19/2016,22:00 (20:00),La Coruña,2@1,Eibar,"21,441",Estadio Municipal de Riazor,Mario Melero,Match Report,
1,Sat,8/20/2016,18:15 (16:15),Barcelona,6@2,Betis,"65,731",Camp Nou,Alberto Undiano,Match Report,
1,Sat,8/20/2016,20:15 (18:15),Granada,1@1,Villarreal,"15,149",Estadio Nuevo Los Cármenes,Javier Estrada,Match Report,
1,Sat,8/20/2016,22:15 (20:15),Sevilla,6@4,Espanyol,"29,420",Estadio Ramón Sánchez Pizjuán,José González,Match Report,
1,Sun,8/21/2016,18:15 (16:15),Sporting Gijón,2@1,Athletic Club,"24,833",Estadio Municipal El Molinón,Carlos Clos,Match Report,
1,Sun,8/21/2016,20:15 (18:15),Real Sociedad,0@3,Real Madrid,"27,653",Estadio Municipal de Anoeta,Juan Martínez,Match Report,
1,Sun,8/21/2016,22:15 (20:15),Atlético Madrid,1@1,Alavés,"36,455",Estadio Vicente Calderón,Ignacio Iglesias,Match Report,
1,Mon,8/22/2016,20:00 (18:00),Celta Vigo,0@1,Leganés,"16,578",Estadio de Balaídos,José Luis Munuera,Match Report,
1,Mon,8/22/2016,22:00 (20:00),Valencia,2@4,Las Palmas,"37,144",Estadio de Mestalla,Iñaki Bikandi,Match Report,
2,Fri,8/26/2016,20:45 (18:45),Betis,0@0,La Coruña,"33,172",Estadio Benito Villamarín,Carlos Clos,Match Report,
2,Fri,8/26/2016,22:00 (20:00),Espanyol,2@2,Málaga,"17,304",RCDE Stadium,Jesús Gil,Match Report,
2,Sat,8/27/2016,18:15 (16:15),Eibar,1@0,Valencia,"3,576",Estadio Municipal de Ipurúa,Alejandro Hernández,Match Report,
2,Sat,8/27/2016,18:15 (16:15),Osasuna,0@2,Real Sociedad,"16,343",Estadio El Sadar,Alfonso Ãlvarez,Match Report,
2,Sat,8/27/2016,20:15 (18:15),Real Madrid,2@1,Celta Vigo,"61,568",Estadio Santiago Bernabéu,Ricardo de Burgos,Match Report,
2,Sat,8/27/2016,22:15 (20:15),Leganés,0@0,Atlético Madrid,"10,958",Estadio Municipal de Butarque,José Sánchez,Match Report,
2,Sun,8/28/2016,17:15 (16:15),Las Palmas,5@1,Granada,"18,837",Estadio de Gran Canaria,Daniel Ocón,Match Report,
2,Sun,8/28/2016,18:15 (16:15),Alavés,0@0,Sporting Gijón,"16,236",Estadio de Mendizorroza,José Luis Munuera,Match Report,
2,Sun,8/28/2016,20:15 (18:15),Athletic Club,0@1,Barcelona,"46,635",San Mamés,Antonio Matéu Lahoz,Match Report,
2,Sun,8/28/2016,22:15 (20:15),Villarreal,0@0,Sevilla,"18,740",Estadio de la Cerámica,Carlos del Cerro,Match Report,
3,Fri,9/9/2016,20:45 (18:45),Real Sociedad,1@1,Espanyol,"19,739",Estadio Municipal de Anoeta,Ignacio Iglesias,Match Report,
3,Sat,9/10/2016,13:00 (11:00),Celta Vigo,0@4,Atlético Madrid,"18,064",Estadio de Balaídos,Santiago Jaime,Match Report,
3,Sat,9/10/2016,16:00 (14:00),Real Madrid,5@2,Osasuna,"69,567",Estadio Santiago Bernabéu,David Fernández,Match Report,
3,Sat,9/10/2016,18:15 (16:15),Sevilla,2@1,Las Palmas,"34,060",Estadio Ramón Sánchez Pizjuán,Juan Martínez,Match Report,
3,Sat,9/10/2016,18:15 (16:15),Málaga,0@2,Villarreal,"21,800",Estadio La Rosaleda,Alberto Undiano,Match Report,
3,Sat,9/10/2016,20:30 (18:30),Barcelona,1@2,Alavés,"74,237",Camp Nou,Mario Melero,Match Report,
3,Sun,9/11/2016,12:00 (10:00),Sporting Gijón,2@1,Leganés,"22,682",Estadio Municipal El Molinón,Iñaki Bikandi,Match Report,
3,Sun,9/11/2016,16:00 (14:00),Valencia,2@3,Betis,"36,789",Estadio de Mestalla,José González,Match Report,
3,Sun,9/11/2016,18:15 (16:15),Granada,1@2,Eibar,"15,883",Estadio Nuevo Los Cármenes,Daniel Trujillo,Match Report,
3,Sun,9/11/2016,20:30 (18:30),La Coruña,0@1,Athletic Club,"23,245",Estadio Municipal de Riazor,Javier Estrada,Match Report,
4,Fri,9/16/2016,20:45 (18:45),Betis,2@2,Granada,"36,090",Estadio Benito Villamarín,Carlos del Cerro,Match Report,
4,Sat,9/17/2016,13:00 (11:00),Leganés,1@5,Barcelona,"10,958",Estadio Municipal de Butarque,Ricardo de Burgos,Match Report,
4,Sat,9/17/2016,16:15 (14:15),Atlético Madrid,5@0,Sporting Gijón,"45,821",Estadio Vicente Calderón,Daniel Ocón,Match Report,
4,Sat,9/17/2016,18:30 (16:30),Eibar,1@1,Sevilla,"4,265",Estadio Municipal de Ipurúa,Alfonso Ãlvarez,Match Report,
4,Sat,9/17/2016,19:45 (18:45),Las Palmas,1@0,Málaga,"18,980",Estadio de Gran Canaria,José Sánchez,Match Report,
4,Sun,9/18/2016,12:00 (10:00),Osasuna,0@0,Celta Vigo,"14,854",Estadio El Sadar,Daniel Trujillo,Match Report,
4,Sun,9/18/2016,16:15 (14:15),Athletic Club,2@1,Valencia,"40,907",San Mamés,Jesús Gil,Match Report,
4,Sun,9/18/2016,18:30 (16:30),Villarreal,2@1,Real Sociedad,"18,692",Estadio de la Cerámica,Carlos Clos,Match Report,
4,Sun,9/18/2016,20:45 (18:45),Espanyol,0@2,Real Madrid,"29,484",RCDE Stadium,Alejandro Hernández,Match Report,
4,Mon,9/19/2016,20:45 (18:45),Alavés,0@0,La Coruña,"16,854",Estadio de Mendizorroza,Juan Martínez,Match Report,
5,Tue,9/20/2016,20:00 (18:00),Málaga,2@1,Eibar,"30,370",Estadio La Rosaleda,Ignacio Iglesias,Match Report,
5,Tue,9/20/2016,22:00 (20:00),Sevilla,1@0,Betis,"39,849",Estadio Ramón Sánchez Pizjuán,Javier Estrada,Match Report,
5,Wed,9/21/2016,20:00 (18:00),Real Madrid,1@1,Villarreal,"67,328",Estadio Santiago Bernabéu,José González,Match Report,
5,Wed,9/21/2016,20:00 (18:00),Celta Vigo,2@1,Sporting Gijón,"14,863",Estadio de Balaídos,Mario Melero,Match Report,
5,Wed,9/21/2016,22:00 (20:00),Granada,1@2,Athletic Club,"14,603",Estadio Nuevo Los Cármenes,Juan Martínez,Match Report,
5,Wed,9/21/2016,22:00 (20:00),Barcelona,1@1,Atlético Madrid,"89,421",Camp Nou,David Fernández,Match Report,
5,Wed,9/21/2016,22:00 (20:00),Real Sociedad,4@1,Las Palmas,"10,974",Estadio Municipal de Anoeta,José Luis Munuera,Match Report,
5,Thu,9/22/2016,20:00 (18:00),La Coruña,1@2,Leganés,"19,467",Estadio Municipal de Riazor,Alberto Undiano,Match Report,
5,Thu,9/22/2016,20:00 (18:00),Osasuna,1@2,Espanyol,"14,631",Estadio El Sadar,Iñaki Bikandi,Match Report,
5,Thu,9/22/2016,22:00 (20:00),Valencia,2@1,Alavés,"32,285",Estadio de Mestalla,Santiago Jaime,Match Report,
6,Fri,9/23/2016,20:45 (18:45),Betis,1@0,Málaga,"37,038",Estadio Benito Villamarín,Alfonso Ãlvarez,Match Report,
6,Sat,9/24/2016,13:00 (11:00),Eibar,2@0,Real Sociedad,"4,798",Estadio Municipal de Ipurúa,José Sánchez,Match Report,
6,Sat,9/24/2016,16:15 (14:15),Sporting Gijón,0@5,Barcelona,"26,098",Estadio Municipal El Molinón,Carlos del Cerro,Match Report,
6,Sat,9/24/2016,18:30 (16:30),Athletic Club,3@1,Sevilla,"42,415",San Mamés,Alejandro Hernández,Match Report,
6,Sat,9/24/2016,19:45 (18:45),Las Palmas,2@2,Real Madrid,"22,520",Estadio de Gran Canaria,Javier Estrada,Match Report,
6,Sun,9/25/2016,12:00 (10:00),Leganés,1@2,Valencia,"10,622",Estadio Municipal de Butarque,David Fernández,Match Report,
6,Sun,9/25/2016,16:15 (14:15),Atlético Madrid,1@0,La Coruña,"45,653",Estadio Vicente Calderón,Jesús Gil,Match Report,
6,Sun,9/25/2016,18:30 (16:30),Villarreal,3@1,Osasuna,"17,679",Estadio de la Cerámica,Daniel Ocón,Match Report,
6,Sun,9/25/2016,20:45 (18:45),Espanyol,0@2,Celta Vigo,"17,484",RCDE Stadium,Alberto Undiano,Match Report,
6,Mon,9/26/2016,20:45 (18:45),Alavés,3@1,Granada,"16,371",Estadio de Mendizorroza,José González,Match Report,
7,Fri,9/30/2016,20:45 (18:45),Real Sociedad,1@0,Betis,"18,310",Estadio Municipal de Anoeta,Daniel Trujillo,Match Report,
7,Sat,10/1/2016,13:00 (11:00),Granada,0@1,Leganés,"15,050",Estadio Nuevo Los Cármenes,Santiago Jaime,Match Report,
7,Sat,10/1/2016,16:15 (14:15),Sevilla,2@1,Alavés,"32,122",Estadio Ramón Sánchez Pizjuán,Antonio Matéu Lahoz,Match Report,
7,Sat,10/1/2016,18:30 (16:30),Osasuna,2@2,Las Palmas,"15,415",Estadio El Sadar,Ignacio Iglesias,Match Report,
7,Sat,10/1/2016,20:45 (18:45),La Coruña,2@1,Sporting Gijón,"24,957",Estadio Municipal de Riazor,Ricardo de Burgos,Match Report,
7,Sun,10/2/2016,12:00 (10:00),Valencia,0@2,Atlético Madrid,"43,276",Estadio de Mestalla,Carlos Clos,Match Report,
7,Sun,10/2/2016,16:15 (14:15),Real Madrid,1@1,Eibar,"72,103",Estadio Santiago Bernabéu,Juan Martínez,Match Report,
7,Sun,10/2/2016,18:30 (16:30),Espanyol,0@0,Villarreal,"20,254",RCDE Stadium,José Luis Munuera,Match Report,
7,Sun,10/2/2016,18:30 (16:30),Málaga,2@1,Athletic Club,"23,080",Estadio La Rosaleda,Carlos del Cerro,Match Report,
7,Sun,10/2/2016,20:45 (18:45),Celta Vigo,4@3,Barcelona,"20,901",Estadio de Balaídos,Iñaki Bikandi,Match Report,
8,Fri,10/14/2016,19:45 (18:45),Las Palmas,0@0,Espanyol,"20,575",Estadio de Gran Canaria,David Fernández,Match Report,
8,Sat,10/15/2016,13:00 (11:00),Leganés,2@3,Sevilla,"10,922",Estadio Municipal de Butarque,Daniel Ocón,Match Report,
8,Sat,10/15/2016,16:15 (14:15),Barcelona,4@0,La Coruña,"83,553",Camp Nou,José Sánchez,Match Report,
8,Sat,10/15/2016,18:30 (16:30),Atlético Madrid,7@1,Granada,"48,293",Estadio Vicente Calderón,Ricardo de Burgos,Match Report,
8,Sat,10/15/2016,20:45 (18:45),Betis,1@6,Real Madrid,"41,655",Estadio Benito Villamarín,Jesús Gil,Match Report,
8,Sun,10/16/2016,12:00 (10:00),Alavés,1@1,Málaga,"17,068",Estadio de Mendizorroza,Alejandro Hernández,Match Report,
8,Sun,10/16/2016,16:15 (14:15),Athletic Club,3@2,Real Sociedad,"47,256",San Mamés,José González,Match Report,
8,Sun,10/16/2016,18:30 (16:30),Sporting Gijón,1@2,Valencia,"25,309",Estadio Municipal El Molinón,José Luis Munuera,Match Report,
8,Sun,10/16/2016,20:45 (18:45),Villarreal,5@0,Celta Vigo,"18,152",Estadio de la Cerámica,Javier Estrada,Match Report,
8,Mon,10/17/2016,20:45 (18:45),Eibar,2@3,Osasuna,"5,250",Estadio Municipal de Ipurúa,Mario Melero,Match Report,
9,Fri,10/21/2016,20:45 (18:45),Osasuna,1@2,Betis,"15,044",Estadio El Sadar,Carlos del Cerro,Match Report,
9,Sat,10/22/2016,13:00 (11:00),Espanyol,3@3,Eibar,"17,330",RCDE Stadium,Jesús Gil,Match Report,
9,Sat,10/22/2016,16:15 (14:15),Valencia,2@3,Barcelona,"46,770",Estadio de Mestalla,Alberto Undiano,Match Report,
9,Sat,10/22/2016,18:30 (16:30),Real Sociedad,3@0,Alavés,"24,224",Estadio Municipal de Anoeta,Carlos Clos,Match Report,
9,Sat,10/22/2016,20:45 (18:45),Granada,0@0,Sporting Gijón,"14,622",Estadio Nuevo Los Cármenes,Iñaki Bikandi,Match Report,
9,Sun,10/23/2016,12:00 (10:00),Celta Vigo,4@1,La Coruña,"21,024",Estadio de Balaídos,Alfonso Ãlvarez,Match Report,
9,Sun,10/23/2016,16:15 (14:15),Sevilla,1@0,Atlético Madrid,"34,526",Estadio Ramón Sánchez Pizjuán,Juan Martínez,Match Report,
9,Sun,10/23/2016,18:30 (16:30),Málaga,4@0,Leganés,"18,991",Estadio La Rosaleda,Daniel Trujillo,Match Report,
9,Sun,10/23/2016,18:30 (16:30),Villarreal,2@1,Las Palmas,"18,312",Estadio de la Cerámica,Santiago Jaime,Match Report,
9,Sun,10/23/2016,20:45 (18:45),Real Madrid,2@1,Athletic Club,"72,910",Estadio Santiago Bernabéu,Ignacio Iglesias,Match Report,
10,Fri,10/28/2016,20:45 (18:45),Leganés,0@2,Real Sociedad,"10,922",Estadio Municipal de Butarque,Alejandro Hernández,Match Report,
10,Sat,10/29/2016,13:00 (11:00),Sporting Gijón,1@1,Sevilla,"22,803",Estadio Municipal El Molinón,Ignacio Iglesias,Match Report,
10,Sat,10/29/2016,16:15 (14:15),Alavés,1@4,Real Madrid,"19,840",Estadio de Mendizorroza,José Sánchez,Match Report,
10,Sat,10/29/2016,18:30 (16:30),Atlético Madrid,4@2,Málaga,"47,471",Estadio Vicente Calderón,Javier Estrada,Match Report,
10,Sat,10/29/2016,20:45 (18:45),Barcelona,1@0,Granada,"82,914",Camp Nou,Juan Martínez,Match Report,
10,Sun,10/30/2016,12:00 (11:00),Eibar,2@1,Villarreal,"4,678",Estadio Municipal de Ipurúa,David Fernández,Match Report,
10,Sun,10/30/2016,16:15 (15:15),Athletic Club,1@1,Osasuna,"43,696",San Mamés,José Luis Munuera,Match Report,
10,Sun,10/30/2016,18:30 (17:30),Betis,0@1,Espanyol,"38,282",Estadio Benito Villamarín,Ricardo de Burgos,Match Report,
10,Sun,10/30/2016,19:45,Las Palmas,3@3,Celta Vigo,"21,194",Estadio de Gran Canaria,Mario Melero,Match Report,
10,Mon,10/31/2016,20:45 (19:45),La Coruña,1@1,Valencia,"23,492",Estadio Municipal de Riazor,José González,Match Report,
11,Fri,11/4/2016,20:45 (19:45),Málaga,3@2,Sporting Gijón,"20,316",Estadio La Rosaleda,Jesús Gil,Match Report,
11,Sat,11/5/2016,13:00 (12:00),Granada,1@1,La Coruña,"13,157",Estadio Nuevo Los Cármenes,Alberto Undiano,Match Report,
11,Sat,11/5/2016,16:15 (15:15),Real Sociedad,2@0,Atlético Madrid,"24,048",Estadio Municipal de Anoeta,Alfonso Ãlvarez,Match Report,
11,Sat,11/5/2016,18:30 (17:30),Osasuna,0@1,Alavés,"15,853",Estadio El Sadar,Daniel Ocón,Match Report,
11,Sat,11/5/2016,19:45,Las Palmas,1@0,Eibar,"19,381",Estadio de Gran Canaria,Carlos del Cerro,Match Report,
11,Sun,11/6/2016,12:00 (11:00),Real Madrid,3@0,Leganés,"74,269",Estadio Santiago Bernabéu,Antonio Matéu Lahoz,Match Report,
11,Sun,11/6/2016,16:15 (15:15),Espanyol,0@0,Athletic Club,"22,835",RCDE Stadium,Daniel Trujillo,Match Report,
11,Sun,11/6/2016,16:15 (15:15),Celta Vigo,2@1,Valencia,"18,251",Estadio de Balaídos,Carlos Clos,Match Report,
11,Sun,11/6/2016,18:30 (17:30),Villarreal,2@0,Betis,"18,826",Estadio de la Cerámica,Iñaki Bikandi,Match Report,
11,Sun,11/6/2016,20:45 (19:45),Sevilla,1@2,Barcelona,"40,812",Estadio Ramón Sánchez Pizjuán,Santiago Jaime,Match Report,
12,Fri,11/18/2016,20:45 (19:45),Betis,2@0,Las Palmas,"34,114",Estadio Benito Villamarín,José González,Match Report,
12,Sat,11/19/2016,13:00 (12:00),La Coruña,2@3,Sevilla,"21,096",Estadio Municipal de Riazor,Antonio Matéu Lahoz,Match Report,
12,Sat,11/19/2016,16:15 (15:15),Barcelona,0@0,Málaga,"83,439",Camp Nou,Ricardo de Burgos,Match Report,
12,Sat,11/19/2016,18:30 (17:30),Eibar,1@0,Celta Vigo,"5,503",Estadio Municipal de Ipurúa,José Luis Munuera,Match Report,
12,Sat,11/19/2016,20:45 (19:45),Atlético Madrid,0@3,Real Madrid,"53,741",Estadio Vicente Calderón,David Fernández,Match Report,
12,Sun,11/20/2016,12:00 (11:00),Alavés,0@1,Espanyol,"19,550",Estadio de Mendizorroza,Mario Melero,Match Report,
12,Sun,11/20/2016,16:15 (15:15),Valencia,1@1,Granada,"34,884",Estadio de Mestalla,Alejandro Hernández,Match Report,
12,Sun,11/20/2016,18:30 (17:30),Sporting Gijón,1@3,Real Sociedad,"23,439",Estadio Municipal El Molinón,Juan Martínez,Match Report,
12,Sun,11/20/2016,20:45 (19:45),Athletic Club,1@0,Villarreal,"38,245",San Mamés,José Sánchez,Match Report,
12,Mon,11/21/2016,20:45 (19:45),Leganés,2@0,Osasuna,"8,827",Estadio Municipal de Butarque,Ignacio Iglesias,Match Report,
13,Fri,11/25/2016,20:45 (19:45),Eibar,3@1,Betis,"5,150",Estadio Municipal de Ipurúa,Daniel Ocón,Match Report,
13,Sat,11/26/2016,13:00 (12:00),Málaga,4@3,La Coruña,"12,679",Estadio La Rosaleda,Iñaki Bikandi,Match Report,
13,Sat,11/26/2016,16:15 (15:15),Real Madrid,2@1,Sporting Gijón,"67,118",Estadio Santiago Bernabéu,Alejandro Hernández,Match Report,
13,Sat,11/26/2016,18:30 (17:30),Espanyol,3@0,Leganés,"17,137",RCDE Stadium,Juan Martínez,Match Report,
13,Sat,11/26/2016,20:45 (19:45),Sevilla,2@1,Valencia,"31,901",Estadio Ramón Sánchez Pizjuán,Carlos del Cerro,Match Report,
13,Sun,11/27/2016,12:00 (11:00),Villarreal,0@2,Alavés,"15,629",Estadio de la Cerámica,Alberto Undiano,Match Report,
13,Sun,11/27/2016,16:15 (15:15),Osasuna,0@3,Atlético Madrid,"16,385",Estadio El Sadar,Antonio Matéu Lahoz,Match Report,
13,Sun,11/27/2016,18:30 (17:30),Celta Vigo,3@1,Granada,"17,000",Estadio de Balaídos,Daniel Trujillo,Match Report,
13,Sun,11/27/2016,20:45 (19:45),Real Sociedad,1@1,Barcelona,"27,756",Estadio Municipal de Anoeta,Jesús Gil,Match Report,
13,Mon,11/28/2016,19:45,Las Palmas,3@1,Athletic Club,"20,717",Estadio de Gran Canaria,Alfonso Ãlvarez,Match Report,
14,Sat,12/3/2016,13:00 (12:00),Granada,2@1,Sevilla,"15,832",Estadio Nuevo Los Cármenes,José González,Match Report,
14,Sat,12/3/2016,16:15 (15:15),Barcelona,1@1,Real Madrid,"98,485",Camp Nou,Carlos Clos,Match Report,
14,Sat,12/3/2016,18:30 (17:30),Leganés,0@0,Villarreal,"8,526",Estadio Municipal de Butarque,Mario Melero,Match Report,
14,Sat,12/3/2016,20:45 (19:45),Atlético Madrid,0@0,Espanyol,"39,707",Estadio Vicente Calderón,Santiago Jaime,Match Report,
14,Sun,12/4/2016,12:00 (11:00),Betis,3@3,Celta Vigo,"27,241",Estadio Benito Villamarín,José Sánchez,Match Report,
14,Sun,12/4/2016,16:15 (15:15),Athletic Club,3@1,Eibar,"42,831",San Mamés,Javier Estrada,Match Report,
14,Sun,12/4/2016,18:30 (17:30),Sporting Gijón,3@1,Osasuna,"25,800",Estadio Municipal El Molinón,Ricardo de Burgos,Match Report,
14,Sun,12/4/2016,18:30 (17:30),Alavés,1@1,Las Palmas,"18,724",Estadio de Mendizorroza,David Fernández,Match Report,
14,Sun,12/4/2016,20:45 (19:45),Valencia,2@2,Málaga,"23,121",Estadio de Mestalla,Ignacio Iglesias,Match Report,
14,Mon,12/5/2016,20:45 (19:45),La Coruña,5@1,Real Sociedad,"20,548",Estadio Municipal de Riazor,José Luis Munuera,Match Report,
15,Fri,12/9/2016,20:45 (19:45),Málaga,1@1,Granada,"20,299",Estadio La Rosaleda,Alfonso Ãlvarez,Match Report,
15,Sat,12/10/2016,13:00 (12:00),Osasuna,0@3,Barcelona,"17,349",Estadio El Sadar,Juan Martínez,Match Report,
15,Sat,12/10/2016,16:15 (15:15),Real Sociedad,3@2,Valencia,"22,817",Estadio Municipal de Anoeta,Javier Estrada,Match Report,
15,Sat,12/10/2016,17:30,Las Palmas,1@1,Leganés,"19,131",Estadio de Gran Canaria,Jesús Gil,Match Report,
15,Sat,12/10/2016,20:45 (19:45),Real Madrid,3@2,La Coruña,"67,174",Estadio Santiago Bernabéu,Santiago Jaime,Match Report,
15,Sun,12/11/2016,12:00 (11:00),Eibar,0@0,Alavés,"5,666",Estadio Municipal de Ipurúa,Daniel Trujillo,Match Report,
15,Sun,12/11/2016,16:15 (15:15),Celta Vigo,0@3,Sevilla,"19,350",Estadio de Balaídos,Alberto Undiano,Match Report,
15,Sun,12/11/2016,18:30 (17:30),Espanyol,2@1,Sporting Gijón,"19,353",RCDE Stadium,Carlos del Cerro,Match Report,
15,Sun,12/11/2016,20:45 (19:45),Betis,1@0,Athletic Club,"34,481",Estadio Benito Villamarín,Antonio Matéu Lahoz,Match Report,
15,Mon,12/12/2016,20:45 (19:45),Villarreal,3@0,Atlético Madrid,"19,370",Estadio de la Cerámica,Alejandro Hernández,Match Report,
16,Fri,12/16/2016,20:45 (19:45),Alavés,1@0,Betis,"18,067",Estadio de Mendizorroza,Ignacio Iglesias,Match Report,
16,Sat,12/17/2016,13:00 (12:00),Sporting Gijón,1@3,Villarreal,"19,900",Estadio Municipal El Molinón,Iñaki Bikandi,Match Report,
16,Sat,12/17/2016,16:15 (15:15),Atlético Madrid,1@0,Las Palmas,"39,453",Estadio Vicente Calderón,Mario Melero,Match Report,
16,Sat,12/17/2016,18:30 (17:30),Granada,0@2,Real Sociedad,"12,746",Estadio Nuevo Los Cármenes,Daniel Ocón,Match Report,
16,Sat,12/17/2016,20:45 (19:45),Sevilla,4@1,Málaga,"30,324",Estadio Ramón Sánchez Pizjuán,Carlos Clos,Match Report,
16,Sun,12/18/2016,16:15 (15:15),Leganés,1@1,Eibar,"9,231",Estadio Municipal de Butarque,José González,Match Report,
16,Sun,12/18/2016,18:30 (17:30),La Coruña,2@0,Osasuna,"22,863",Estadio Municipal de Riazor,José Sánchez,Match Report,
16,Sun,12/18/2016,20:45 (19:45),Barcelona,4@1,Espanyol,"79,370",Camp Nou,Antonio Matéu Lahoz,Match Report,
16,Mon,12/19/2016,20:45 (19:45),Athletic Club,2@1,Celta Vigo,"35,808",San Mamés,Juan Martínez,Match Report,
17,Fri,1/6/2017,20:45 (19:45),Espanyol,1@1,La Coruña,"16,347",RCDE Stadium,Ricardo de Burgos,Match Report,
17,Sat,1/7/2017,13:00 (12:00),Real Madrid,5@0,Granada,"71,184",Estadio Santiago Bernabéu,Iñaki Bikandi,Match Report,
17,Sat,1/7/2017,16:15 (15:15),Eibar,0@2,Atlético Madrid,"5,810",Estadio Municipal de Ipurúa,Jesús Gil,Match Report,
17,Sat,1/7/2017,17:30,Las Palmas,1@0,Sporting Gijón,"21,710",Estadio de Gran Canaria,José Luis Munuera,Match Report,
17,Sat,1/7/2017,20:45 (19:45),Real Sociedad,0@4,Sevilla,"22,374",Estadio Municipal de Anoeta,Juan Martínez,Match Report,
17,Sun,1/8/2017,12:00 (11:00),Athletic Club,0@0,Alavés,"42,182",San Mamés,Carlos del Cerro,Match Report,
17,Sun,1/8/2017,16:15 (15:15),Betis,2@0,Leganés,"36,328",Estadio Benito Villamarín,Javier Estrada,Match Report,
17,Sun,1/8/2017,18:30 (17:30),Celta Vigo,3@1,Málaga,"17,890",Estadio de Balaídos,José González,Match Report,
17,Sun,1/8/2017,20:45 (19:45),Villarreal,1@1,Barcelona,"22,893",Estadio de la Cerámica,Ignacio Iglesias,Match Report,
17,Mon,1/9/2017,20:45 (19:45),Osasuna,3@3,Valencia,"12,160",Estadio El Sadar,Alfonso Ãlvarez,Match Report,
18,Sat,1/14/2017,13:00 (12:00),Leganés,0@0,Athletic Club,"10,922",Estadio Municipal de Butarque,Santiago Jaime,Match Report,
18,Sat,1/14/2017,16:15 (15:15),Barcelona,5@0,Las Palmas,"81,480",Camp Nou,Alberto Undiano,Match Report,
18,Sat,1/14/2017,18:30 (17:30),Atlético Madrid,1@0,Betis,"46,043",Estadio Vicente Calderón,Carlos Clos,Match Report,
18,Sat,1/14/2017,20:45 (19:45),La Coruña,0@0,Villarreal,"19,807",Estadio Municipal de Riazor,Daniel Ocón,Match Report,
18,Sun,1/15/2017,12:00 (11:00),Valencia,2@1,Espanyol,"33,932",Estadio de Mestalla,José Sánchez,Match Report,
18,Sun,1/15/2017,16:15 (15:15),Celta Vigo,1@0,Alavés,"15,723",Estadio de Balaídos,Mario Melero,Match Report,
18,Sun,1/15/2017,18:30 (17:30),Sporting Gijón,2@3,Eibar,"20,050",Estadio Municipal El Molinón,David Fernández,Match Report,
18,Sun,1/15/2017,18:30 (17:30),Granada,1@1,Osasuna,"14,328",Estadio Nuevo Los Cármenes,Daniel Trujillo,Match Report,
18,Sun,1/15/2017,20:45 (19:45),Sevilla,2@1,Real Madrid,"40,386",Estadio Ramón Sánchez Pizjuán,Alejandro Hernández,Match Report,
18,Mon,1/16/2017,20:45 (19:45),Málaga,0@2,Real Sociedad,"18,057",Estadio La Rosaleda,Antonio Matéu Lahoz,Match Report,
19,Fri,1/20/2017,19:45,Las Palmas,1@1,La Coruña,"18,051",Estadio de Gran Canaria,David Fernández,Match Report,
19,Sat,1/21/2017,13:00 (12:00),Espanyol,3@1,Granada,"15,184",RCDE Stadium,Carlos Clos,Match Report,
19,Sat,1/21/2017,16:15 (15:15),Real Madrid,2@1,Málaga,"72,687",Estadio Santiago Bernabéu,Jesús Gil,Match Report,
19,Sat,1/21/2017,18:30 (17:30),Alavés,2@2,Leganés,"19,126",Estadio de Mendizorroza,José Luis Munuera,Match Report,
19,Sat,1/21/2017,20:45 (19:45),Villarreal,0@2,Valencia,"17,615",Estadio de la Cerámica,José González,Match Report,
19,Sun,1/22/2017,12:00 (11:00),Osasuna,3@4,Sevilla,"15,211",Estadio El Sadar,Javier Estrada,Match Report,
19,Sun,1/22/2017,16:15 (15:15),Athletic Club,2@2,Atlético Madrid,"44,263",San Mamés,Ignacio Iglesias,Match Report,
19,Sun,1/22/2017,18:30 (17:30),Betis,0@0,Sporting Gijón,"35,097",Estadio Benito Villamarín,Alberto Undiano,Match Report,
19,Sun,1/22/2017,18:30 (17:30),Real Sociedad,1@0,Celta Vigo,"19,845",Estadio Municipal de Anoeta,Carlos del Cerro,Match Report,
19,Sun,1/22/2017,20:45 (19:45),Eibar,0@4,Barcelona,"6,340",Estadio Municipal de Ipurúa,José Sánchez,Match Report,
20,Fri,1/27/2017,20:45 (19:45),Osasuna,1@1,Málaga,"14,262",Estadio El Sadar,Ricardo de Burgos,Match Report,
20,Sat,1/28/2017,13:00 (12:00),Villarreal,2@0,Granada,"15,152",Estadio de la Cerámica,Alfonso Ãlvarez,Match Report,
20,Sat,1/28/2017,16:15 (15:15),Alavés,0@0,Atlético Madrid,"19,152",Estadio de Mendizorroza,Daniel Ocón,Match Report,
20,Sat,1/28/2017,18:30 (17:30),Eibar,3@1,La Coruña,"5,617",Estadio Municipal de Ipurúa,Juan Martínez,Match Report,
20,Sat,1/28/2017,20:45 (19:45),Leganés,0@2,Celta Vigo,"10,123",Estadio Municipal de Butarque,Daniel Trujillo,Match Report,
20,Sun,1/29/2017,12:00 (11:00),Betis,1@1,Barcelona,"43,790",Estadio Benito Villamarín,Alejandro Hernández,Match Report,
20,Sun,1/29/2017,16:15 (15:15),Espanyol,3@1,Sevilla,"22,974",RCDE Stadium,Iñaki Bikandi,Match Report,
20,Sun,1/29/2017,18:30 (17:30),Athletic Club,2@1,Sporting Gijón,"41,657",San Mamés,Carlos Clos,Match Report,
20,Sun,1/29/2017,20:45 (19:45),Real Madrid,3@0,Real Sociedad,"66,693",Estadio Santiago Bernabéu,Mario Melero,Match Report,
20,Mon,1/30/2017,19:45,Las Palmas,3@1,Valencia,"20,427",Estadio de Gran Canaria,Santiago Jaime,Match Report,
21,Sat,2/4/2017,13:00 (12:00),Málaga,0@1,Espanyol,"21,546",Estadio La Rosaleda,Daniel Ocón,Match Report,
21,Sat,2/4/2017,16:15 (15:15),Barcelona,3@0,Athletic Club,"83,884",Camp Nou,José González,Match Report,
21,Sat,2/4/2017,18:30 (17:30),Atlético Madrid,2@0,Leganés,"37,421",Estadio Vicente Calderón,José Sánchez,Match Report,
21,Sat,2/4/2017,20:45 (19:45),Valencia,0@4,Eibar,"32,571",Estadio de Mestalla,José Luis Munuera,Match Report,
21,Sun,2/5/2017,12:00 (11:00),Sevilla,0@0,Villarreal,"33,401",Estadio Ramón Sánchez Pizjuán,Alberto Undiano,Match Report,
21,Sun,2/5/2017,16:15 (15:15),Sporting Gijón,2@4,Alavés,"21,752",Estadio Municipal El Molinón,Jesús Gil,Match Report,
21,Sun,2/5/2017,18:30 (17:30),Real Sociedad,3@2,Osasuna,"21,893",Estadio Municipal de Anoeta,Santiago Jaime,Match Report,
21,Mon,2/6/2017,20:45 (19:45),Granada,1@0,Las Palmas,"13,997",Estadio Nuevo Los Cármenes,Carlos del Cerro,Match Report,
22,Fri,2/10/2017,20:45 (19:45),Espanyol,1@2,Real Sociedad,"17,849",RCDE Stadium,David Fernández,Match Report,
22,Sat,2/11/2017,13:00 (12:00),Betis,0@0,Valencia,"30,567",Estadio Benito Villamarín,Daniel Trujillo,Match Report,
22,Sat,2/11/2017,16:15 (15:15),Alavés,0@6,Barcelona,"19,840",Estadio de Mendizorroza,Carlos Clos,Match Report,
22,Sat,2/11/2017,18:30 (17:30),Athletic Club,2@1,La Coruña,"41,469",San Mamés,Mario Melero,Match Report,
22,Sat,2/11/2017,20:45 (19:45),Osasuna,1@3,Real Madrid,"17,770",Estadio El Sadar,Ignacio Iglesias,Match Report,
22,Sun,2/12/2017,12:00 (11:00),Villarreal,1@1,Málaga,"17,120",Estadio de la Cerámica,Iñaki Bikandi,Match Report,
22,Sun,2/12/2017,16:15 (15:15),Leganés,0@2,Sporting Gijón,"9,124",Estadio Municipal de Butarque,Javier Estrada,Match Report,
22,Sun,2/12/2017,17:30,Las Palmas,0@1,Sevilla,"27,843",Estadio de Gran Canaria,Ricardo de Burgos,Match Report,
22,Sun,2/12/2017,20:45 (19:45),Atlético Madrid,3@2,Celta Vigo,"30,323",Estadio Vicente Calderón,Alejandro Hernández,Match Report,
22,Mon,2/13/2017,20:45 (19:45),Eibar,4@0,Granada,"4,875",Estadio Municipal de Ipurúa,Antonio Matéu Lahoz,Match Report,
23,Fri,2/17/2017,20:45 (19:45),Granada,4@1,Betis,"15,927",Estadio Nuevo Los Cármenes,Daniel Ocón,Match Report,
23,Sat,2/18/2017,13:00 (12:00),Sporting Gijón,1@4,Atlético Madrid,"24,480",Estadio Municipal El Molinón,José González,Match Report,
23,Sat,2/18/2017,16:15 (15:15),Real Madrid,2@0,Espanyol,"75,606",Estadio Santiago Bernabéu,Alberto Undiano,Match Report,
23,Sat,2/18/2017,18:30 (17:30),La Coruña,0@1,Alavés,"19,663",Estadio Municipal de Riazor,Santiago Jaime,Match Report,
23,Sat,2/18/2017,20:45 (19:45),Sevilla,2@0,Eibar,"33,816",Estadio Ramón Sánchez Pizjuán,Alfonso Ãlvarez,Match Report,
23,Sun,2/19/2017,12:00 (11:00),Real Sociedad,0@1,Villarreal,"21,691",Estadio Municipal de Anoeta,Alejandro Hernández,Match Report,
23,Sun,2/19/2017,16:15 (15:15),Valencia,2@0,Athletic Club,"36,317",Estadio de Mestalla,David Fernández,Match Report,
23,Sun,2/19/2017,18:30 (17:30),Celta Vigo,3@0,Osasuna,"15,556",Estadio de Balaídos,Iñaki Bikandi,Match Report,
23,Sun,2/19/2017,20:45 (19:45),Barcelona,2@1,Leganés,"63,378",Camp Nou,Ignacio Iglesias,Match Report,
23,Mon,2/20/2017,20:45 (19:45),Málaga,2@1,Las Palmas,"20,345",Estadio La Rosaleda,José Sánchez,Match Report,
16,Wed,2/22/2017,18:45 (17:45),Valencia,2@1,Real Madrid,"45,833",Estadio de Mestalla,Ricardo de Burgos,Match Report,
24,Fri,2/24/2017,19:45,Las Palmas,0@1,Real Sociedad,"19,085",Estadio de Gran Canaria,Juan Martínez,Match Report,
24,Sat,2/25/2017,13:00 (12:00),Alavés,2@1,Valencia,"19,118",Estadio de Mendizorroza,Mario Melero,Match Report,
24,Sat,2/25/2017,16:15 (15:15),Betis,1@2,Sevilla,"41,263",Estadio Benito Villamarín,Carlos del Cerro,Match Report,
24,Sat,2/25/2017,18:30 (17:30),Leganés,4@0,La Coruña,"10,076",Estadio Municipal de Butarque,José Luis Munuera,Match Report,
24,Sat,2/25/2017,20:45 (19:45),Eibar,3@0,Málaga,"4,953",Estadio Municipal de Ipurúa,Javier Estrada,Match Report,
24,Sun,2/26/2017,12:00 (11:00),Espanyol,3@0,Osasuna,"18,766",RCDE Stadium,Carlos Clos,Match Report,
24,Sun,2/26/2017,16:15 (15:15),Atlético Madrid,1@2,Barcelona,"52,573",Estadio Vicente Calderón,Antonio Matéu Lahoz,Match Report,
24,Sun,2/26/2017,18:30 (17:30),Athletic Club,3@1,Granada,"37,430",San Mamés,Daniel Trujillo,Match Report,
24,Sun,2/26/2017,18:30 (17:30),Sporting Gijón,1@1,Celta Vigo,"24,616",Estadio Municipal El Molinón,Ricardo de Burgos,Match Report,
24,Sun,2/26/2017,20:45 (19:45),Villarreal,2@3,Real Madrid,"21,415",Estadio de la Cerámica,Jesús Gil,Match Report,
25,Tue,2/28/2017,19:30 (18:30),Real Sociedad,2@2,Eibar,"20,335",Estadio Municipal de Anoeta,Alberto Undiano,Match Report,
25,Tue,2/28/2017,21:30 (20:30),Valencia,1@0,Leganés,"26,711",Estadio de Mestalla,Iñaki Bikandi,Match Report,
25,Tue,2/28/2017,21:30 (20:30),Málaga,1@2,Betis,"24,285",Estadio La Rosaleda,Alejandro Hernández,Match Report,
25,Wed,3/1/2017,19:30 (18:30),Barcelona,6@1,Sporting Gijón,"56,605",Camp Nou,José Sánchez,Match Report,
25,Wed,3/1/2017,19:30 (18:30),Osasuna,1@4,Villarreal,"13,409",Estadio El Sadar,José González,Match Report,
25,Wed,3/1/2017,21:30 (20:30),Granada,2@1,Alavés,"14,038",Estadio Nuevo Los Cármenes,Ignacio Iglesias,Match Report,
25,Wed,3/1/2017,21:30 (20:30),Real Madrid,3@3,Las Palmas,"63,789",Estadio Santiago Bernabéu,David Fernández,Match Report,
25,Wed,3/1/2017,21:30 (20:30),Celta Vigo,2@2,Espanyol,"11,526",Estadio de Balaídos,Santiago Jaime,Match Report,
25,Thu,3/2/2017,20:45 (19:45),La Coruña,1@1,Atlético Madrid,"19,992",Estadio Municipal de Riazor,Carlos Clos,Match Report,
25,Thu,3/2/2017,21:30 (20:30),Sevilla,1@0,Athletic Club,"34,012",Estadio Ramón Sánchez Pizjuán,Daniel Ocón,Match Report,
26,Fri,3/3/2017,20:45 (19:45),Betis,2@3,Real Sociedad,"29,612",Estadio Benito Villamarín,Ignacio Iglesias,Match Report,
26,Sat,3/4/2017,13:00 (12:00),Leganés,1@0,Granada,"9,472",Estadio Municipal de Butarque,Juan Martínez,Match Report,
26,Sat,3/4/2017,16:15 (15:15),Eibar,1@4,Real Madrid,"6,740",Estadio Municipal de Ipurúa,José González,Match Report,
26,Sat,3/4/2017,18:30 (17:30),Villarreal,2@0,Espanyol,"17,315",Estadio de la Cerámica,Ricardo de Burgos,Match Report,
26,Sat,3/4/2017,20:45 (19:45),Barcelona,5@0,Celta Vigo,"77,117",Camp Nou,Jesús Gil,Match Report,
26,Sun,3/5/2017,12:00 (11:00),Sporting Gijón,0@1,La Coruña,"24,307",Estadio Municipal El Molinón,Antonio Matéu Lahoz,Match Report,
26,Sun,3/5/2017,16:15 (15:15),Atlético Madrid,3@0,Valencia,"46,473",Estadio Vicente Calderón,Javier Estrada,Match Report,
26,Sun,3/5/2017,17:30,Las Palmas,5@2,Osasuna,"19,911",Estadio de Gran Canaria,Carlos del Cerro,Match Report,
26,Sun,3/5/2017,20:45 (19:45),Athletic Club,1@0,Málaga,"33,438",San Mamés,Alfonso Ãlvarez,Match Report,
26,Mon,3/6/2017,20:45 (19:45),Alavés,1@1,Sevilla,"18,479",Estadio de Mendizorroza,Daniel Trujillo,Match Report,
21,Wed,3/8/2017,18:45 (17:45),La Coruña,1@1,Betis,"21,450",Estadio Municipal de Riazor,Alfonso Ãlvarez,Match Report,
27,Fri,3/10/2017,20:45 (19:45),Espanyol,4@3,Las Palmas,"17,669",RCDE Stadium,José Luis Munuera,Match Report,
27,Sat,3/11/2017,13:00 (12:00),Valencia,1@1,Sporting Gijón,"28,785",Estadio de Mestalla,Alfonso Ãlvarez,Match Report,
27,Sat,3/11/2017,16:15 (15:15),Sevilla,1@1,Leganés,"31,738",Estadio Ramón Sánchez Pizjuán,José González,Match Report,
27,Sat,3/11/2017,18:30 (17:30),Málaga,1@2,Alavés,"23,716",Estadio La Rosaleda,Alberto Undiano,Match Report,
27,Sat,3/11/2017,20:45 (19:45),Granada,0@1,Atlético Madrid,"18,887",Estadio Nuevo Los Cármenes,Alejandro Hernández,Match Report,
27,Sun,3/12/2017,12:00 (11:00),Real Sociedad,0@2,Athletic Club,"25,652",Estadio Municipal de Anoeta,José Sánchez,Match Report,
27,Sun,3/12/2017,16:15 (15:15),La Coruña,2@1,Barcelona,"28,474",Estadio Municipal de Riazor,David Fernández,Match Report,
27,Sun,3/12/2017,18:30 (17:30),Celta Vigo,0@1,Villarreal,"16,651",Estadio de Balaídos,Mario Melero,Match Report,
27,Sun,3/12/2017,20:45 (19:45),Real Madrid,2@1,Betis,"73,103",Estadio Santiago Bernabéu,Antonio Matéu Lahoz,Match Report,
27,Mon,3/13/2017,20:45 (19:45),Osasuna,1@1,Eibar,"11,262",Estadio El Sadar,Santiago Jaime,Match Report,
28,Fri,3/17/2017,19:45,Las Palmas,1@0,Villarreal,"18,717",Estadio de Gran Canaria,Iñaki Bikandi,Match Report,
28,Sat,3/18/2017,13:00 (12:00),Eibar,1@1,Espanyol,"5,340",Estadio Municipal de Ipurúa,David Fernández,Match Report,
28,Sat,3/18/2017,16:15 (15:15),Athletic Club,1@2,Real Madrid,"49,095",San Mamés,Santiago Jaime,Match Report,
28,Sat,3/18/2017,18:30 (17:30),Alavés,1@0,Real Sociedad,"19,840",Estadio de Mendizorroza,Carlos del Cerro,Match Report,
28,Sat,3/18/2017,20:45 (19:45),Betis,2@0,Osasuna,"32,375",Estadio Benito Villamarín,Alfonso Ãlvarez,Match Report,
28,Sun,3/19/2017,12:00 (11:00),Leganés,0@0,Málaga,"10,127",Estadio Municipal de Butarque,Antonio Matéu Lahoz,Match Report,
28,Sun,3/19/2017,16:15 (15:15),Atlético Madrid,3@1,Sevilla,"49,831",Estadio Vicente Calderón,Jesús Gil,Match Report,
28,Sun,3/19/2017,18:30 (17:30),Sporting Gijón,3@1,Granada,"25,070",Estadio Municipal El Molinón,Javier Estrada,Match Report,
28,Sun,3/19/2017,18:30 (17:30),La Coruña,0@1,Celta Vigo,"30,760",Estadio Municipal de Riazor,Juan Martínez,Match Report,
28,Sun,3/19/2017,20:45 (19:45),Barcelona,4@2,Valencia,"78,675",Camp Nou,Alejandro Hernández,Match Report,
29,Fri,3/31/2017,20:45 (18:45),Espanyol,2@1,Betis,"21,138",RCDE Stadium,José González,Match Report,
29,Sat,4/1/2017,13:00 (11:00),Villarreal,2@3,Eibar,"15,832",Estadio de la Cerámica,Daniel Ocón,Match Report,
29,Sat,4/1/2017,16:15 (14:15),Osasuna,1@2,Athletic Club,"15,694",Estadio El Sadar,José Munuera,Match Report,
29,Sat,4/1/2017,18:30 (16:30),Real Sociedad,1@1,Leganés,"18,891",Estadio Municipal de Anoeta,Mario Melero,Match Report,
29,Sat,4/1/2017,20:45 (18:45),Málaga,0@2,Atlético Madrid,"26,912",Estadio La Rosaleda,Daniel Trujillo,Match Report,
29,Sun,4/2/2017,12:00 (10:00),Sevilla,0@0,Sporting Gijón,"31,315",Estadio Ramón Sánchez Pizjuán,Iñaki Bikandi,Match Report,
29,Sun,4/2/2017,16:15 (14:15),Real Madrid,3@0,Alavés,"76,875",Estadio Santiago Bernabéu,José Sánchez,Match Report,
29,Sun,4/2/2017,18:30 (16:30),Valencia,3@0,La Coruña,"34,638",Estadio de Mestalla,Ricardo de Burgos,Match Report,
29,Sun,4/2/2017,20:45 (18:45),Granada,1@4,Barcelona,"18,676",Estadio Nuevo Los Cármenes,Santiago Jaime,Match Report,
29,Mon,4/3/2017,20:45 (18:45),Celta Vigo,3@1,Las Palmas,"14,212",Estadio de Balaídos,Carlos Clos,Match Report,
30,Tue,4/4/2017,19:30 (17:30),Athletic Club,2@0,Espanyol,"38,262",San Mamés,Juan Martínez,Match Report,
30,Tue,4/4/2017,21:30 (19:30),Betis,0@1,Villarreal,"25,477",Estadio Benito Villamarín,Jesús Gil,Match Report,
30,Tue,4/4/2017,21:30 (19:30),Atlético Madrid,1@0,Real Sociedad,"43,132",Estadio Vicente Calderón,Alberto Undiano,Match Report,
30,Wed,4/5/2017,19:30 (17:30),Barcelona,3@0,Sevilla,"85,511",Camp Nou,Carlos Clos,Match Report,
30,Wed,4/5/2017,20:30 (18:30),Alavés,0@1,Osasuna,"18,344",Estadio de Mendizorroza,Javier Estrada,Match Report,
30,Wed,4/5/2017,20:30 (18:30),La Coruña,0@0,Granada,"19,143",Estadio Municipal de Riazor,Carlos del Cerro,Match Report,
30,Wed,4/5/2017,20:30 (18:30),Sporting Gijón,0@1,Málaga,"24,503",Estadio Municipal El Molinón,José Sánchez,Match Report,
30,Wed,4/5/2017,21:30 (19:30),Leganés,2@4,Real Madrid,"10,922",Estadio Municipal de Butarque,Alfonso Ãlvarez,Match Report,
30,Thu,4/6/2017,19:30 (17:30),Eibar,3@1,Las Palmas,"5,201",Estadio Municipal de Ipurúa,Ignacio Iglesias,Match Report,
30,Thu,4/6/2017,21:30 (19:30),Valencia,3@2,Celta Vigo,"29,212",Estadio de Mestalla,David Fernández,Match Report,
31,Fri,4/7/2017,20:45 (18:45),Villarreal,3@1,Athletic Club,"18,403",Estadio de la Cerámica,Daniel Trujillo,Match Report,
31,Sat,4/8/2017,13:00 (11:00),Espanyol,1@0,Alavés,"17,521",RCDE Stadium,Mario Melero,Match Report,
31,Sat,4/8/2017,16:15 (14:15),Real Madrid,1@1,Atlético Madrid,"80,000",Estadio Santiago Bernabéu,Ricardo de Burgos,Match Report,
31,Sat,4/8/2017,18:30 (16:30),Sevilla,4@2,La Coruña,"33,022",Estadio Ramón Sánchez Pizjuán,Santiago Jaime,Match Report,
31,Sat,4/8/2017,20:45 (18:45),Málaga,2@0,Barcelona,"28,314",Estadio La Rosaleda,Jesús Gil,Match Report,
31,Sun,4/9/2017,12:00 (10:00),Granada,1@3,Valencia,"15,087",Estadio Nuevo Los Cármenes,Iñaki Bikandi,Match Report,
31,Sun,4/9/2017,16:15 (14:15),Celta Vigo,0@2,Eibar,"15,741",Estadio de Balaídos,José Munuera,Match Report,
31,Sun,4/9/2017,18:30 (16:30),Osasuna,2@1,Leganés,"14,421",Estadio El Sadar,Daniel Ocón,Match Report,
31,Sun,4/9/2017,19:45 (18:45),Las Palmas,4@1,Betis,"19,769",Estadio de Gran Canaria,José Sánchez,Match Report,
31,Mon,4/10/2017,20:45 (18:45),Real Sociedad,3@1,Sporting Gijón,"18,894",Estadio Municipal de Anoeta,José González,Match Report,
32,Fri,4/14/2017,20:45 (18:45),Athletic Club,5@1,Las Palmas,"36,293",San Mamés,Javier Estrada,Match Report,
32,Sat,4/15/2017,13:00 (11:00),La Coruña,2@0,Málaga,"20,300",Estadio Municipal de Riazor,Alberto Undiano,Match Report,
32,Sat,4/15/2017,16:15 (14:15),Sporting Gijón,2@3,Real Madrid,"23,745",Estadio Municipal El Molinón,David Fernández,Match Report,
32,Sat,4/15/2017,18:30 (16:30),Atlético Madrid,3@0,Osasuna,"44,113",Estadio Vicente Calderón,Mario Melero,Match Report,
32,Sat,4/15/2017,20:45 (18:45),Barcelona,3@2,Real Sociedad,"81,704",Camp Nou,Juan Martínez,Match Report,
32,Sun,4/16/2017,12:00 (10:00),Leganés,0@1,Espanyol,"9,127",Estadio Municipal de Butarque,Carlos Clos,Match Report,
32,Sun,4/16/2017,16:15 (14:15),Valencia,0@0,Sevilla,"36,748",Estadio de Mestalla,José González,Match Report,
32,Sun,4/16/2017,18:30 (16:30),Betis,2@0,Eibar,"30,331",Estadio Benito Villamarín,Antonio Matéu Lahoz,Match Report,
32,Sun,4/16/2017,20:45 (18:45),Granada,0@3,Celta Vigo,"13,442",Estadio Nuevo Los Cármenes,José Sánchez,Match Report,
32,Mon,4/17/2017,20:45 (18:45),Alavés,2@1,Villarreal,"17,831",Estadio de Mendizorroza,Alfonso Ãlvarez,Match Report,
33,Fri,4/21/2017,21:00 (19:00),Sevilla,2@0,Granada,"31,074",Estadio Ramón Sánchez Pizjuán,Daniel Trujillo,Match Report,
33,Sat,4/22/2017,13:00 (11:00),Málaga,2@0,Valencia,"23,089",Estadio La Rosaleda,Ignacio Iglesias,Match Report,
33,Sat,4/22/2017,16:15 (14:15),Villarreal,2@1,Leganés,"16,829",Estadio de la Cerámica,Santiago Jaime,Match Report,
33,Sat,4/22/2017,18:30 (16:30),Osasuna,2@2,Sporting Gijón,"14,964",Estadio El Sadar,Jesús Gil,Match Report,
33,Sat,4/22/2017,20:45 (18:45),Espanyol,0@1,Atlético Madrid,"27,777",RCDE Stadium,Iñaki Bikandi,Match Report,
33,Sun,4/23/2017,12:00 (10:00),Real Sociedad,1@0,La Coruña,"19,925",Estadio Municipal de Anoeta,Daniel Ocón,Match Report,
33,Sun,4/23/2017,16:15 (14:15),Celta Vigo,0@1,Betis,"15,851",Estadio de Balaídos,Ricardo de Burgos,Match Report,
33,Sun,4/23/2017,17:30 (16:30),Las Palmas,1@1,Alavés,"16,007",Estadio de Gran Canaria,José Munuera,Match Report,
33,Sun,4/23/2017,20:45 (18:45),Real Madrid,2@3,Barcelona,"81,044",Estadio Santiago Bernabéu,Alejandro Hernández,Match Report,
33,Mon,4/24/2017,20:45 (18:45),Eibar,0@1,Athletic Club,"6,597",Estadio Municipal de Ipurúa,Carlos del Cerro,Match Report,
34,Tue,4/25/2017,19:30 (17:30),Sporting Gijón,1@1,Espanyol,"20,956",Estadio Municipal El Molinón,Mario Melero,Match Report,
34,Tue,4/25/2017,20:30 (18:30),Granada,0@2,Málaga,"11,894",Estadio Nuevo Los Cármenes,Carlos Clos,Match Report,
34,Tue,4/25/2017,21:30 (19:30),Atlético Madrid,0@1,Villarreal,"44,432",Estadio Vicente Calderón,Ignacio Iglesias,Match Report,
34,Wed,4/26/2017,19:30 (17:30),Barcelona,7@1,Osasuna,"63,989",Camp Nou,José Munuera,Match Report,
34,Wed,4/26/2017,20:30 (18:30),Valencia,2@3,Real Sociedad,"26,101",Estadio de Mestalla,Carlos del Cerro,Match Report,
34,Wed,4/26/2017,20:30 (18:30),Leganés,3@0,Las Palmas,"9,756",Estadio Municipal de Butarque,Iñaki Bikandi,Match Report,
34,Wed,4/26/2017,21:30 (19:30),La Coruña,2@6,Real Madrid,"26,735",Estadio Municipal de Riazor,José Sánchez,Match Report,
34,Thu,4/27/2017,19:30 (17:30),Alavés,0@0,Eibar,"13,519",Estadio de Mendizorroza,Daniel Trujillo,Match Report,
34,Thu,4/27/2017,20:30 (18:30),Sevilla,2@1,Celta Vigo,"26,100",Estadio Ramón Sánchez Pizjuán,Jesús Gil,Match Report,
34,Thu,4/27/2017,21:30 (19:30),Athletic Club,2@1,Betis,"34,074",San Mamés,José González,Match Report,
35,Fri,4/28/2017,20:45 (18:45),Villarreal,3@1,Sporting Gijón,"15,120",Estadio de la Cerámica,Javier Estrada,Match Report,
35,Sat,4/29/2017,13:00 (11:00),Real Sociedad,2@1,Granada,"18,003",Estadio Municipal de Anoeta,Antonio Matéu Lahoz,Match Report,
35,Sat,4/29/2017,16:15 (14:15),Real Madrid,2@1,Valencia,"75,180",Estadio Santiago Bernabéu,Jesús Gil,Match Report,
35,Sat,4/29/2017,17:30 (16:30),Las Palmas,0@5,Atlético Madrid,"23,570",Estadio de Gran Canaria,Ricardo de Burgos,Match Report,
35,Sat,4/29/2017,20:45 (18:45),Espanyol,0@3,Barcelona,"31,708",RCDE Stadium,Alberto Undiano,Match Report,
35,Sun,4/30/2017,12:00 (10:00),Osasuna,2@2,La Coruña,"12,294",Estadio El Sadar,Alejandro Hernández,Match Report,
35,Sun,4/30/2017,16:15 (14:15),Betis,1@4,Alavés,"22,271",Estadio Benito Villamarín,Daniel Ocón,Match Report,
35,Sun,4/30/2017,18:30 (16:30),Eibar,2@0,Leganés,"5,256",Estadio Municipal de Ipurúa,Alfonso Ãlvarez,Match Report,
35,Sun,4/30/2017,20:45 (18:45),Celta Vigo,0@3,Athletic Club,"17,320",Estadio de Balaídos,David Fernández,Match Report,
35,Mon,5/1/2017,21:00 (19:00),Málaga,4@2,Sevilla,"22,971",Estadio La Rosaleda,Juan Martínez,Match Report,
36,Fri,5/5/2017,21:00 (19:00),Sevilla,1@1,Real Sociedad,"28,607",Estadio Ramón Sánchez Pizjuán,José González,Match Report,
36,Sat,5/6/2017,13:00 (11:00),Sporting Gijón,1@0,Las Palmas,"21,758",Estadio Municipal El Molinón,Santiago Jaime,Match Report,
36,Sat,5/6/2017,16:15 (14:15),Atlético Madrid,1@0,Eibar,"46,748",Estadio Vicente Calderón,David Fernández,Match Report,
36,Sat,5/6/2017,18:30 (16:30),Barcelona,4@1,Villarreal,"90,463",Camp Nou,José Sánchez,Match Report,
36,Sat,5/6/2017,20:45 (18:45),Granada,0@4,Real Madrid,"19,094",Estadio Nuevo Los Cármenes,Ignacio Iglesias,Match Report,
36,Sun,5/7/2017,12:00 (10:00),Alavés,1@0,Athletic Club,"19,127",Estadio de Mendizorroza,Juan Martínez,Match Report,
36,Sun,5/7/2017,16:15 (14:15),Valencia,4@1,Osasuna,"24,752",Estadio de Mestalla,Carlos Clos,Match Report,
36,Sun,5/7/2017,18:30 (16:30),La Coruña,1@2,Espanyol,"22,803",Estadio Municipal de Riazor,Antonio Matéu Lahoz,Match Report,
36,Sun,5/7/2017,20:45 (18:45),Málaga,3@0,Celta Vigo,"20,552",Estadio La Rosaleda,Carlos del Cerro,Match Report,
36,Mon,5/8/2017,20:45 (18:45),Leganés,4@0,Betis,"11,922",Estadio Municipal de Butarque,Daniel Trujillo,Match Report,
37,Sat,5/13/2017,16:00 (14:00),Espanyol,0@1,Valencia,"20,111",RCDE Stadium,Daniel Ocón,Match Report,
37,Sat,5/13/2017,18:30 (16:30),Osasuna,2@1,Granada,"13,301",Estadio El Sadar,Iñaki Bikandi,Match Report,
37,Sun,5/14/2017,16:00 (14:00),Alavés,3@1,Celta Vigo,"17,624",Estadio de Mendizorroza,José Munuera,Match Report,
37,Sun,5/14/2017,19:00 (18:00),Las Palmas,1@4,Barcelona,"22,268",Estadio de Gran Canaria,José González,Match Report,
37,Sun,5/14/2017,20:00 (18:00),Real Sociedad,2@2,Málaga,"24,959",Estadio Municipal de Anoeta,Santiago Jaime,Match Report,
37,Sun,5/14/2017,20:00 (18:00),Villarreal,0@0,La Coruña,"16,437",Estadio de la Cerámica,Jesús Gil,Match Report,
37,Sun,5/14/2017,20:00 (18:00),Athletic Club,1@1,Leganés,"42,049",San Mamés,David Fernández,Match Report,
37,Sun,5/14/2017,20:00 (18:00),Eibar,0@1,Sporting Gijón,"5,577",Estadio Municipal de Ipurúa,Juan Martínez,Match Report,
37,Sun,5/14/2017,20:00 (18:00),Real Madrid,4@1,Sevilla,"79,356",Estadio Santiago Bernabéu,Alberto Undiano,Match Report,
37,Sun,5/14/2017,20:00 (18:00),Betis,1@1,Atlético Madrid,"27,159",Estadio Benito Villamarín,Alfonso Ãlvarez,Match Report,
21,Wed,5/17/2017,21:00 (19:00),Celta Vigo,1@4,Real Madrid,"22,838",Estadio de Balaídos,Juan Martínez,Match Report,
38,Fri,5/19/2017,20:45 (18:45),Granada,1@2,Espanyol,"10,503",Estadio Nuevo Los Cármenes,Carlos Clos,Match Report,
38,Sat,5/20/2017,17:00 (15:00),Sporting Gijón,2@2,Betis,"16,201",Estadio Municipal El Molinón,Ignacio Iglesias,Match Report,
38,Sat,5/20/2017,19:00 (17:00),La Coruña,3@0,Las Palmas,"21,663",Estadio Municipal de Riazor,Mario Melero,Match Report,
38,Sat,5/20/2017,19:00 (17:00),Leganés,1@1,Alavés,"10,922",Estadio Municipal de Butarque,José González,Match Report,
38,Sat,5/20/2017,21:00 (19:00),Sevilla,5@0,Osasuna,"26,396",Estadio Ramón Sánchez Pizjuán,Carlos del Cerro,Match Report,
38,Sun,5/21/2017,16:45 (14:45),Valencia,1@3,Villarreal,"33,587",Estadio de Mestalla,David Fernández,Match Report,
38,Sun,5/21/2017,16:45 (14:45),Atlético Madrid,3@1,Athletic Club,"52,314",Estadio Vicente Calderón,Javier Estrada,Match Report,
38,Sun,5/21/2017,16:45 (14:45),Celta Vigo,2@2,Real Sociedad,"14,188",Estadio de Balaídos,José Sánchez,Match Report,
38,Sun,5/21/2017,20:00 (18:00),Barcelona,4@2,Eibar,"74,932",Camp Nou,Alejandro Hernández,Match Report,
38,Sun,5/21/2017,20:00 (18:00),Málaga,0@2,Real Madrid,"27,855",Estadio La Rosaleda,Ricardo de Burgos,Match Report,
